<?xml version="1.0" encoding="UTF-8"?>
<!DOCTYPE mapper
PUBLIC "-//mybatis.org//DTD Mapper 3.0//EN"
"http://mybatis.org/dtd/mybatis-3-mapper.dtd">

<!-- 다른 mapper와 중복되지 않도록 네임스페이스 기재 -->
<mapper namespace="member">
	<select id="memberList"
	resultType="memberDto">
	    select * from member
	    order by name
	</select>
	
	<insert id="insertMember">
	insert into member (userid, passwd, name, email) values
	( #{userid},#{passwd},#{name},#{email})
	</insert>
	
	<select id="viewMember" resultType="memberDto">
		select * from member
		where userid=#{userid}
	</select>
	
	<select id="checkPw" resultType="int">
		select count(*) from member
		where userid=#{userid} and passwd=#{passwd}	
	</select>
	
	<update id="updateMember">
	update member set name=#{name}, passwd=#{passwd}, email=#{email}
	where userid=#{userid}
	</update>
	
	<delete id="deleteMember">
	delete from member
	where userid=#{userid}
	</delete>
</mapper>














